6/29/2019,DarkZero,frugs,DarkZero
6/29/2019,keelar,mestaman,mestaman
6/29/2019,SourSpinach,ZESTisBEST,ZESTisBEST
6/29/2019,Wailord,MrNovember,MrNovember
12/7/2019,OrangCaramel,ZESTisBEST,ZESTisBEST
12/7/2019,Turing,mestaman,mestaman
12/7/2019,Zero,ReMiiX,Zero
12/7/2019,Kevin,TwoBaneZ,TwoBaneZ
12/7/2019,OrangCaramel,mestaman,OrangCaramel
12/7/2019,TwoBaneZ,ZESTisBEST,ZESTisBEST
3/6/2020,Slumdog,shengy,Slumdog
3/6/2020,Kevin,FearCat,FearCat
3/6/2020,Zero,YolBolsun,Zero
3/6/2020,mestaman,brueda,mestaman
5/23/2020,Cicero,ThEUnKnowN,Cicero
5/23/2020,You,danceparty,danceparty
5/23/2020,Turing,Krayze,Turing
5/23/2020,Alken,KawaiiRice,KawaiiRice
5/23/2020,Gyalgatine,Crilmon,Crilmon
5/23/2020,Emil,fuinkaze,Emil
5/23/2020,SilverBullet,imaznation,SilverBullet
5/30/2020,Zero,ZESTisBEST,Zero
5/30/2020,Zero,ZESTisBEST,Zero
11/10/2020,tso,SourSpinach,tso
11/10/2020,Zero,Frontstab,Zero
11/10/2020,Inkarnate,PluTo,PluTo
11/10/2020,frugs,Alephnaut,Alephnaut
